{
	"credit": "Made with Blockbench, by PhoenixSC",
    "parent": "block/cube_column",
	"textures": {
		"0": "blocks/bookshelf",
		"1": "blocks/planks_oak",
		"particle": "block/bookshelf"
	},
	"elements": [
		{
			"from": [0, 6, 0],
			"to": [5, 16, 16],
			"faces": {
				"north": {"uv": [11, 0, 16, 10], "texture": "#0"},
				"east": {"uv": [11, 0, 12, 10], "texture": "#0"},
				"south": {"uv": [0, 0, 5, 10], "texture": "#0"},
				"west": {"uv": [0, 0, 16, 10], "texture": "#0"},
				"up": {"uv": [11, 0, 16, 16], "texture": "#1"},
				"down": {"uv": [11, 0, 16, 16], "texture": "#1"}
			}
		},
		{
			"from": [7, 6, 0],
			"to": [16, 16, 16],
			"faces": {
				"north": {"uv": [0, 0, 9, 10], "texture": "#0"},
				"east": {"uv": [0, 0, 16, 10], "texture": "#0"},
				"south": {"uv": [7, 0, 16, 10], "texture": "#0"},
				"west": {"uv": [8, 0, 9, 10], "texture": "#0"},
				"up": {"uv": [0, 0, 9, 16], "texture": "#1"},
				"down": {"uv": [0, 0, 8, 16], "texture": "#1"}
			}
		},
		{
			"from": [15, 0, 0],
			"to": [16, 6, 16],
			"rotation": {"angle": 0, "axis": "y", "origin": [0, -1, 0]},
			"faces": {
				"north": {"uv": [0, 10, 1, 16], "texture": "#0"},
				"east": {"uv": [0, 10, 16, 16], "texture": "#0"},
				"south": {"uv": [15, 10, 16, 16], "texture": "#0"},
				"west": {"uv": [0, 10, 16, 16], "texture": "#0"},
				"up": {"uv": [0, 0, 1, 16], "texture": "#missing"},
				"down": {"uv": [0, 0, 1, 16], "texture": "#1"}
			}
		},
		{
			"from": [13, 0, 0],
			"to": [15, 1, 16],
			"faces": {
				"north": {"uv": [1, 15, 3, 16], "texture": "#0"},
				"east": {"uv": [0, 0, 16, 1], "texture": "#missing"},
				"south": {"uv": [13, 15, 15, 16], "texture": "#0"},
				"west": {"uv": [0, 0, 16, 1], "texture": "#1"},
				"up": {"uv": [0, 0, 2, 16], "texture": "#1"},
				"down": {"uv": [1, 0, 3, 16], "texture": "#1"}
			}
		},
		{
			"from": [0, 0, 0],
			"to": [13, 6, 16],
			"faces": {
				"north": {"uv": [3, 10, 16, 16], "texture": "#0"},
				"east": {"uv": [11, 10, 13, 16], "texture": "#0"},
				"south": {"uv": [0, 10, 13, 16], "texture": "#0"},
				"west": {"uv": [0, 10, 16, 16], "texture": "#0"},
				"up": {"uv": [9, 9, 11, 10], "texture": "#0"},
				"down": {"uv": [3, 0, 16, 16], "texture": "#1"}
			}
		},
		{
			"from": [13, 5, 8],
			"to": [15, 6, 16],
			"faces": {
				"north": {"uv": [13, 10, 15, 11], "texture": "#0"},
				"east": {"uv": [0, 0, 8, 1], "texture": "#missing"},
				"south": {"uv": [13, 10, 15, 11], "texture": "#0"},
				"west": {"uv": [0, 0, 8, 1], "texture": "#missing"},
				"up": {"uv": [0, 0, 2, 8], "texture": "#missing"},
				"down": {"uv": [13, 9, 15, 10], "texture": "#0"}
			}
		},
		{
			"from": [5, 6, 0],
			"to": [7, 9, 16],
			"faces": {
				"north": {"uv": [8, 7, 10, 10], "texture": "#0"},
				"east": {"uv": [0, 0, 16, 3], "texture": "#missing"},
				"south": {"uv": [5, 7, 7, 10], "texture": "#0"},
				"west": {"uv": [0, 0, 16, 3], "texture": "#missing"},
				"up": {"uv": [9, 0, 11, 16], "texture": "#1"},
				"down": {"uv": [0, 0, 2, 16], "texture": "#missing"}
			}
		},
		{
			"from": [5, 14, 0],
			"to": [7, 16, 16],
			"faces": {
				"north": {"uv": [9, 0, 11, 2], "texture": "#0"},
				"east": {"uv": [0, 0, 16, 3], "texture": "#missing"},
				"south": {"uv": [5, 0, 7, 2], "texture": "#0"},
				"west": {"uv": [0, 0, 16, 3], "texture": "#missing"},
				"up": {"uv": [9, 0, 11, 16], "texture": "#1"},
				"down": {"uv": [5, 1, 7, 2], "texture": "#0"}
			}
		},
		{
			"from": [5, 9, 8],
			"to": [7, 14, 16],
			"faces": {
				"north": {"uv": [5, 2, 7, 7], "texture": "#0"},
				"east": {"uv": [0, 0, 16, 3], "texture": "#missing"},
				"south": {"uv": [5, 2, 7, 7], "texture": "#0"},
				"west": {"uv": [0, 0, 16, 3], "texture": "#missing"},
				"up": {"uv": [9, 0, 11, 16], "texture": "#1"},
				"down": {"uv": [5, 1, 7, 2], "texture": "#0"}
			}
		},
		{
			"from": [14, 0.4, -2.075],
			"to": [15, 2.4, -1.075],
			"rotation": {"angle": 22.5, "axis": "x", "origin": [0, 0, 0]},
			"faces": {
				"north": {"uv": [1, 13, 2, 15], "texture": "#0"},
				"east": {"uv": [1, 13, 2, 15], "texture": "#0"},
				"south": {"uv": [1, 13, 2, 15], "texture": "#0"},
				"west": {"uv": [1, 13, 2, 15], "texture": "#0"},
				"up": {"uv": [1, 13, 2, 14], "texture": "#0"},
				"down": {"uv": [1, 14, 2, 15], "texture": "#0"}
			}
		},
		{
			"from": [13, 0.85, 0],
			"to": [14, 2.85, 1],
			"rotation": {"angle": -22.5, "axis": "x", "origin": [0, 0, 0]},
			"faces": {
				"north": {"uv": [2, 13, 3, 15], "texture": "#0"},
				"east": {"uv": [2, 13, 3, 15], "texture": "#0"},
				"south": {"uv": [2, 13, 3, 15], "texture": "#0"},
				"west": {"uv": [2, 13, 3, 15], "texture": "#0"},
				"up": {"uv": [2, 13, 3, 14], "texture": "#0"},
				"down": {"uv": [2, 14, 3, 15], "texture": "#0"}
			}
		},
		{
			"from": [14, 2.625, -1.1],
			"to": [15, 3.625, -0.1],
			"faces": {
				"north": {"uv": [1, 12, 2, 13], "texture": "#0"},
				"east": {"uv": [1, 12, 2, 13], "texture": "#0"},
				"south": {"uv": [1, 12, 2, 13], "texture": "#0"},
				"west": {"uv": [1, 12, 2, 13], "texture": "#0"},
				"up": {"uv": [1, 12, 2, 13], "texture": "#0"},
				"down": {"uv": [1, 12, 2, 13], "texture": "#0"}
			}
		},
		{
			"from": [13, 2.625, -1.1],
			"to": [14, 3.625, -0.1],
			"faces": {
				"north": {"uv": [2, 12, 3, 13], "texture": "#0"},
				"east": {"uv": [2, 12, 3, 13], "texture": "#0"},
				"south": {"uv": [2, 12, 3, 13], "texture": "#0"},
				"west": {"uv": [2, 12, 3, 13], "texture": "#0"},
				"up": {"uv": [2, 12, 3, 13], "texture": "#0"},
				"down": {"uv": [2, 12, 3, 13], "texture": "#0"}
			}
		},
		{
			"from": [13, 2.625, -0.1],
			"to": [14, 4.625, 0.9],
			"faces": {
				"north": {"uv": [2, 12, 3, 13], "texture": "#0"},
				"east": {"uv": [2, 12, 3, 13], "texture": "#0"},
				"south": {"uv": [2, 12, 3, 13], "texture": "#0"},
				"west": {"uv": [2, 12, 3, 13], "texture": "#0"},
				"up": {"uv": [2, 12, 3, 13], "texture": "#0"},
				"down": {"uv": [2, 12, 3, 13], "texture": "#0"}
			}
		},
		{
			"from": [14, 2.625, -0.1],
			"to": [15, 4.625, 0.9],
			"faces": {
				"north": {"uv": [1, 12, 2, 13], "texture": "#0"},
				"east": {"uv": [1, 12, 2, 13], "texture": "#0"},
				"south": {"uv": [1, 12, 2, 13], "texture": "#0"},
				"west": {"uv": [1, 12, 2, 13], "texture": "#0"},
				"up": {"uv": [1, 12, 2, 13], "texture": "#0"},
				"down": {"uv": [1, 12, 2, 13], "texture": "#0"}
			}
		},
		{
			"from": [11.5, 3.625, -6.6],
			"to": [13.5, 5.625, -5.6],
			"rotation": {"angle": -22.5, "axis": "y", "origin": [0, 0, 0]},
			"faces": {
				"north": {"uv": [1, 10, 3, 12], "texture": "#0"},
				"east": {"uv": [1, 10, 2, 12], "texture": "#0"},
				"south": {"uv": [1, 10, 3, 12], "texture": "#0"},
				"west": {"uv": [2, 10, 3, 12], "texture": "#0"},
				"up": {"uv": [1, 10, 3, 11], "texture": "#0"},
				"down": {"uv": [1, 11, 3, 12], "texture": "#0"}
			}
		},
		{
			"from": [14, 1, 15.075],
			"to": [15, 3, 16.075],
			"rotation": {"angle": 22.5, "axis": "x", "origin": [0, 0, 16]},
			"faces": {
				"north": {"uv": [15, 13, 14, 15], "texture": "#0"},
				"east": {"uv": [15, 13, 14, 15], "texture": "#0"},
				"south": {"uv": [15, 13, 14, 15], "texture": "#0"},
				"west": {"uv": [15, 13, 14, 15], "texture": "#0"},
				"up": {"uv": [14, 14, 15, 13], "texture": "#0"},
				"down": {"uv": [14, 15, 15, 14], "texture": "#0"}
			}
		},
		{
			"from": [13, 1, 16.325],
			"to": [14, 3, 17.325],
			"rotation": {"angle": 0, "axis": "x", "origin": [0, 0, 16]},
			"faces": {
				"north": {"uv": [14, 13, 13, 15], "texture": "#0"},
				"east": {"uv": [14, 13, 13, 15], "texture": "#0"},
				"south": {"uv": [14, 13, 13, 15], "texture": "#0"},
				"west": {"uv": [14, 13, 13, 15], "texture": "#0"},
				"up": {"uv": [13, 14, 14, 13], "texture": "#0"},
				"down": {"uv": [13, 15, 14, 14], "texture": "#0"}
			}
		},
		{
			"from": [13, 2.625, 15.325],
			"to": [14, 4.625, 16.325],
			"rotation": {"angle": 0, "axis": "y", "origin": [0, 0, 16]},
			"faces": {
				"north": {"uv": [14, 13, 13, 14], "texture": "#0"},
				"east": {"uv": [14, 13, 13, 14], "texture": "#0"},
				"south": {"uv": [14, 13, 13, 14], "texture": "#0"},
				"west": {"uv": [14, 13, 13, 14], "texture": "#0"},
				"up": {"uv": [13, 14, 14, 13], "texture": "#0"},
				"down": {"uv": [13, 14, 14, 13], "texture": "#0"}
			}
		},
		{
			"from": [14, 2.625, 15.425],
			"to": [15, 4.625, 16.425],
			"rotation": {"angle": 0, "axis": "y", "origin": [0, 0, 16]},
			"faces": {
				"north": {"uv": [15, 13, 14, 14], "texture": "#0"},
				"east": {"uv": [15, 13, 14, 14], "texture": "#0"},
				"south": {"uv": [15, 13, 14, 14], "texture": "#0"},
				"west": {"uv": [15, 13, 14, 14], "texture": "#0"},
				"up": {"uv": [14, 14, 15, 13], "texture": "#0"},
				"down": {"uv": [14, 14, 15, 13], "texture": "#0"}
			}
		},
		{
			"from": [13, 2.5, 17.575],
			"to": [15, 4.5, 18.575],
			"rotation": {"angle": -22.5, "axis": "x", "origin": [0, 0, 16]},
			"faces": {
				"north": {"uv": [15, 11, 13, 13], "texture": "#0"},
				"east": {"uv": [15, 11, 14, 13], "texture": "#0"},
				"south": {"uv": [15, 11, 13, 13], "texture": "#0"},
				"west": {"uv": [14, 11, 13, 13], "texture": "#0"},
				"up": {"uv": [15, 12, 13, 11], "texture": "#0"},
				"down": {"uv": [13, 13, 15, 12], "texture": "#0"}
			}
		},
		{
			"from": [6, 8.9, -0.075],
			"to": [7, 10.9, 0.925],
			"rotation": {"angle": -22.5, "axis": "x", "origin": [-8, 8, 0]},
			"faces": {
				"north": {"uv": [9, 5, 10, 7], "texture": "#0"},
				"east": {"uv": [9, 5, 10, 7], "texture": "#0"},
				"south": {"uv": [9, 5, 10, 7], "texture": "#0"},
				"west": {"uv": [9, 5, 10, 7], "texture": "#0"},
				"up": {"uv": [9, 5, 10, 6], "texture": "#0"},
				"down": {"uv": [9, 6, 10, 7], "texture": "#0"}
			}
		},
		{
			"from": [5, 8.9, -0.075],
			"to": [6, 10.9, 0.925],
			"rotation": {"angle": -22.5, "axis": "x", "origin": [-8, 8, 0]},
			"faces": {
				"north": {"uv": [10, 5, 11, 7], "texture": "#0"},
				"east": {"uv": [10, 5, 11, 7], "texture": "#0"},
				"south": {"uv": [10, 5, 11, 7], "texture": "#0"},
				"west": {"uv": [10, 5, 11, 7], "texture": "#0"},
				"up": {"uv": [10, 5, 11, 6], "texture": "#0"},
				"down": {"uv": [10, 6, 11, 7], "texture": "#0"}
			}
		},
		{
			"from": [6, 10.625, -1.1],
			"to": [7, 11.625, -0.1],
			"rotation": {"angle": 0, "axis": "y", "origin": [-8, 8, 0]},
			"faces": {
				"north": {"uv": [9, 4, 10, 5], "texture": "#0"},
				"east": {"uv": [9, 4, 10, 5], "texture": "#0"},
				"south": {"uv": [9, 4, 10, 5], "texture": "#0"},
				"west": {"uv": [9, 4, 10, 5], "texture": "#0"},
				"up": {"uv": [9, 4, 10, 5], "texture": "#0"},
				"down": {"uv": [9, 4, 10, 5], "texture": "#0"}
			}
		},
		{
			"from": [5, 10.625, -1.1],
			"to": [6, 11.625, -0.1],
			"rotation": {"angle": 0, "axis": "y", "origin": [-8, 8, 0]},
			"faces": {
				"north": {"uv": [10, 4, 11, 5], "texture": "#0"},
				"east": {"uv": [10, 4, 11, 5], "texture": "#0"},
				"south": {"uv": [10, 4, 11, 5], "texture": "#0"},
				"west": {"uv": [10, 4, 11, 5], "texture": "#0"},
				"up": {"uv": [10, 4, 11, 5], "texture": "#0"},
				"down": {"uv": [10, 4, 11, 5], "texture": "#0"}
			}
		},
		{
			"from": [5, 10.625, -0.1],
			"to": [6, 12.625, 0.9],
			"rotation": {"angle": 0, "axis": "y", "origin": [-8, 8, 0]},
			"faces": {
				"north": {"uv": [10, 4, 11, 5], "texture": "#0"},
				"east": {"uv": [10, 4, 11, 5], "texture": "#0"},
				"south": {"uv": [10, 4, 11, 5], "texture": "#0"},
				"west": {"uv": [10, 4, 11, 5], "texture": "#0"},
				"up": {"uv": [10, 4, 11, 5], "texture": "#0"},
				"down": {"uv": [10, 4, 11, 5], "texture": "#0"}
			}
		},
		{
			"from": [6, 10.625, -0.1],
			"to": [7, 12.625, 0.9],
			"rotation": {"angle": 0, "axis": "y", "origin": [-8, 8, 0]},
			"faces": {
				"north": {"uv": [9, 4, 10, 5], "texture": "#0"},
				"east": {"uv": [9, 4, 10, 5], "texture": "#0"},
				"south": {"uv": [9, 4, 10, 5], "texture": "#0"},
				"west": {"uv": [9, 4, 10, 5], "texture": "#0"},
				"up": {"uv": [9, 4, 10, 5], "texture": "#0"},
				"down": {"uv": [9, 4, 10, 5], "texture": "#0"}
			}
		},
		{
			"from": [5, 11.725, 0.35],
			"to": [7, 13.725, 1.35],
			"rotation": {"angle": -22.5, "axis": "x", "origin": [-8, 8, 0]},
			"faces": {
				"north": {"uv": [9, 2, 11, 4], "texture": "#0"},
				"east": {"uv": [9, 2, 10, 4], "texture": "#0"},
				"south": {"uv": [9, 2, 11, 4], "texture": "#0"},
				"west": {"uv": [10, 2, 11, 4], "texture": "#0"},
				"up": {"uv": [9, 2, 11, 3], "texture": "#0"},
				"down": {"uv": [9, 3, 11, 4], "texture": "#0"}
			}
		}
	],
	"display": {
		"thirdperson_righthand": {
			"rotation": [75, 45, 0],
			"translation": [0, 2.5, 0],
			"scale": [0.375, 0.375, 0.375]
		},
		"firstperson_righthand": {
			"rotation": [0, 45, 0],
			"scale": [0.4, 0.4, 0.4]
		},
		"firstperson_lefthand": {
			"rotation": [0, 225, 0],
			"scale": [0.4, 0.4, 0.4]
		},
		"ground": {
			"translation": [0, 3, 0],
			"scale": [0.25, 0.25, 0.25]
		},
		"gui": {
			"rotation": [30, 225, 0],
			"scale": [0.625, 0.625, 0.625]
		},
		"fixed": {
			"scale": [0.5, 0.5, 0.5]
		}
	},
	"groups": [
		{
			"name": "bookshelf",
			"origin": [0, 0, 0],
			"color": 0,
			"children": [0, 1, 2, 3, 4, 5, 6, 7, 8]
		},
		{
			"name": "red",
			"origin": [0, 0, 0],
			"color": 0,
			"children": [9, 10, 11, 12, 13, 14, 15]
		},
		{
			"name": "cyan",
			"origin": [0, 0, 0],
			"color": 0,
			"children": [16, 17, 18, 19, 20]
		},
		{
			"name": "yellow",
			"origin": [0, 0, 0],
			"color": 0,
			"children": [21, 22, 23, 24, 25, 26, 27]
		}
	]
}
